"factor","Df","SumOfSqs","R2","F","Pr(>F)"
"treatment",1,0.235919861701477,0.00909612558247055,1.35087053344932,0.108389161083892
"population",1,0.166556689757886,0.0064217593029762,0.953698949804783,0.0164983501649835
"treatment:population",1,0.210614328517531,0.00812044550995585,1.20597175780205,0.138286171382862
"Residual",145,25.3232112920299,0.976361669604597,NA,NA
"Total",148,25.9363021720068,1,NA,NA
