"factor","Df","SumOfSqs","R2","F","Pr(>F)"
"treatment",1,0.453603331969413,0.0154360494840158,2.27616521317142,0.0257974202579742
"population",1,0.292216757695318,0.00994408994365091,1.46633318517306,0.024997500249975
"treatment:population",1,0.142539335579019,0.00485059099514031,0.715257261768545,0.420757924207579
"Residual",143,28.4976134844132,0.969769269577193,NA,NA
"Total",146,29.3859729096569,1,NA,NA
