"factor","Df","SumOfSqs","R2","F","Pr(>F)"
"treatment",1,0.266764090351037,0.010446196270628,1.55957026065219,0.0607939206079392
"population",1,0.252888400446738,0.00990283910460191,1.4784494722721,0.415558444155584
"treatment:population",1,0.215094382142586,0.00842286579731997,1.25749609395143,0.115588441155884
"Residual",145,24.8022125561207,0.97122809882745,NA,NA
"Total",148,25.5369594290611,1,NA,NA
