"factor","Df","SumOfSqs","R2","F","Pr(>F)"
"treatment",1,0.214887580565494,0.00967147443475831,1.44919028154558,0.123987601239876
"population",1,0.268637578366342,0.012090607863648,1.81167737475543,0.531446855314469
"treatment:population",1,0.234409312791733,0.0105500916803497,1.58084379333416,0.100789921007899
"Residual",145,21.5007646537386,0.967687826021244,NA,NA
"Total",148,22.2186991254622,1,NA,NA
