"factor","Df","SumOfSqs","R2","F","Pr(>F)"
"treatment",1,0.367855150179246,0.0126908264665902,1.66273010813881,0.0390960903909609
"population",1,0.155773528095905,0.00537411209871702,0.704106861328054,0.407659234076592
"treatment:population",1,0.365355478699672,0.012604588997969,1.65143142432939,0.0327967203279672
"Residual",127,28.0969255588075,0.969330472436724,NA,NA
"Total",130,28.9859097157824,1,NA,NA
