"factor","Df","SumOfSqs","R2","F","Pr(>F)"
"treatment",1,0.474570190113922,0.0192317186336,2.21098929814834,0.0147985201479852
"population",1,0.132680619227348,0.00537681546432499,0.618149717985743,0.612538746125388
"treatment:population",1,0.24396776673346,0.00988667123057044,1.13662874866064,0.226577342265773
"Residual",111,23.8252130603986,0.965504794671505,NA,NA
"Total",114,24.6764316364734,1,NA,NA
