"factor","Df","SumOfSqs","R2","F","Pr(>F)"
"treatment",1,0.260733714809787,0.00976039209703048,1.45869507939596,0.0694930506949305
"population",1,0.355503795567317,0.013308046637739,1.98889367905086,0.244575542445755
"treatment:population",1,0.179257543217166,0.00671038614789932,1.00287029019722,0.193380661933807
"Residual",145,25.9179517237245,0.970221175117331,NA,NA
"Total",148,26.7134467773188,1,NA,NA
