"factor","Df","SumOfSqs","R2","F","Pr(>F)"
"treatment",1,0.193573883676732,0.0114371628653565,1.39631764455854,0.125887411258874
"population",1,0.444772391823624,0.0262790319989453,3.20830231186027,0.167983201679832
"treatment:population",1,0.066736701448451,0.00394308627313219,0.481395692446442,0.56014398560144
"Residual",117,16.2199084702809,0.958340718862566,NA,NA
"Total",120,16.9249914472297,1,NA,NA
