"factor","Df","SumOfSqs","R2","F","Pr(>F)"
"treatment",1,0.0948453340444883,0.00595015434100985,0.656202435350584,0.428257174282572
"population",1,0.0514843201299727,0.00322988636184892,0.356202406707855,0.124587541245875
"treatment:population",1,0.183685625639259,0.0115235802982768,1.27085803532348,0.0922907709229077
"Residual",108,15.6099635188524,0.979296378998865,NA,NA
"Total",111,15.9399787986662,1,NA,NA
