"factor","Df","SumOfSqs","R2","F","Pr(>F)"
"treatment",1,0.134924631500305,0.0046793477623013,0.688442701799848,0.35046495350465
"population",1,0.786394414372796,0.0272730998207193,4.01251787231964,0.51034896510349
"treatment:population",1,0.0828400397423412,0.00287299176056225,0.422685021580327,0.668233176682332
"Residual",142,27.8299088986691,0.965174560656417,NA,NA
"Total",145,28.8340679842845,1,NA,NA
