"factor","Df","SumOfSqs","R2","F","Pr(>F)"
"treatment",1,0.387358219001885,0.0184006150972627,2.21512055254067,0.0417958204179582
"population",1,0.136552012127312,0.00648660824181244,0.780877115072958,0.415558444155584
"treatment:population",1,0.0676685110369192,0.00321444638248186,0.38696457750126,0.680831916808319
"Residual",117,20.45979464695,0.971898330278443,NA,NA
"Total",120,21.0513733891161,1,NA,NA
