"factor","Df","SumOfSqs","R2","F","Pr(>F)"
"treatment",1,0.184965441396394,0.00749923595554581,0.933026220796968,0.239476052394761
"population",1,0.636283843782881,0.0257974821848127,3.20962394724664,0.771122887711229
"treatment:population",1,0.0542233922165156,0.00219843236375336,0.273520536250583,0.77012298770123
"Residual",120,23.7890988193323,0.964504849495888,NA,NA
"Total",123,24.6645714967281,1,NA,NA
