"contrast","estimate","SE","df","t.ratio","p.value"
"Bon - Cai",1.29707336310922,0.389012601098922,76,3.33427081653684,0.00132420448512128
