"contrast","population","ratio","SE","df","null","z.ratio","p.value"
"Control / (Herbivore-induced)","Bon",0.737162820137329,0.177706185136157,Inf,1,-1.26498249438271,0.205877603217803
"Control / (Herbivore-induced)","Cai",0.906169276113011,0.185782183093613,Inf,1,-0.480584781202433,0.630811633930571
