"contrast","population","ratio","SE","df","null","z.ratio","p.value"
"Control / (Herbivore-induced)","Bon",0.74887303173418,0.0933931363723747,Inf,1,-2.31883707219648,0.0204038722389144
"Control / (Herbivore-induced)","Cai",0.726425690017478,0.0743639745901102,Inf,1,-3.12220421847737,0.0017950237602379
