"treatment","population","response","SE","df","asymp.LCL","asymp.UCL"
"Control","Bon",8.2610946598099,1.84048081017782,Inf,5.33825455588125,12.7842695143026
"Herbivore-induced","Bon",13.2941709246195,2.8318363664461,Inf,8.75676984224377,20.1826682391955
"Control","Cai",10.402146772245,1.95130546565856,Inf,7.20192841683355,15.0244005783802
"Herbivore-induced","Cai",10.7709633332761,2.0294354317612,Inf,7.44515051975411,15.5824453540544
