"contrast","population","ratio","SE","df","null","z.ratio","p.value"
"Control / (Herbivore-induced)","Bon",0.898233430651405,0.146205441543936,Inf,1,-0.659367878992912,0.509659563447433
"Control / (Herbivore-induced)","Cai",0.872730938311011,0.123797855372443,Inf,1,-0.959653899364863,0.337229432403613
