"treatment","population","response","SE","df","asymp.LCL","asymp.UCL"
"Control","Bon",4.47700251410659,1.07017803716766,Inf,2.80231534088953,7.15249680107534
"Herbivore-induced","Bon",5.67724387031422,1.31777314404184,Inf,3.60214301395807,8.94775633230747
"Control","Cai",4.75173034536128,0.961084900523983,Inf,3.19659618683738,7.0634324623174
"Herbivore-induced","Cai",4.88653845979482,0.989509386932893,Inf,3.28575790107283,7.26719948273044
