"contrast","population","ratio","SE","df","null","z.ratio","p.value"
"Control / (Herbivore-induced)","Bon",0.886626137677251,0.0800775431636455,Inf,1,-1.33232592451556,0.182753111818475
"Control / (Herbivore-induced)","Cai",1.02844023686062,0.0791166002502786,Inf,1,0.364536392427167,0.715457503275371
