"treatment","population","response","SE","df","asymp.LCL","asymp.UCL"
"Control","Bon",1.87190527611863,0.434880861707365,Inf,1.18722437373397,2.95144661808126
"Herbivore-induced","Bon",2.27448419175629,0.515859271452857,Inf,1.45823685814611,3.54762555180929
"Control","Cai",1.81775505446295,0.360705076223375,Inf,1.23204826158493,2.68190260158721
"Herbivore-induced","Cai",1.73994338609627,0.346332549792453,Inf,1.17789073744101,2.57018999351098
