"treatment","population","response","SE","df","asymp.LCL","asymp.UCL"
"Control","Bon",4.18906934998931,0.849331585027583,Inf,2.81537914684545,6.23301555624658
"Herbivore-induced","Bon",5.47954188661238,1.09657049044004,Inf,3.70169888951218,8.11124302201045
"Control","Cai",4.43631547977741,0.765360723932878,Inf,3.16352796906339,6.22118572321002
"Herbivore-induced","Cai",4.69567613250659,0.811382652827737,Inf,3.34669380693354,6.58840503894055
