"contrast","population","ratio","SE","df","null","z.ratio","p.value"
"Control / (Herbivore-induced)","Bon",0.823005026384492,0.131013879074786,Inf,1,-1.22365351909612,0.221082960963964
"Control / (Herbivore-induced)","Cai",1.04472570419365,0.146824954417986,Inf,1,0.311332034738841,0.755548216339323
