"treatment","population","response","SE","df","asymp.LCL","asymp.UCL"
"Control","Bon",7.90711376565184,1.61949927452676,Inf,5.29271778710706,11.8129193011696
"Herbivore-induced","Bon",9.95228502275087,1.98615768752316,Inf,6.73054465000315,14.7161904904717
"Control","Cai",6.64999471927943,1.15665354853268,Inf,4.72899941441647,9.35132908488657
"Herbivore-induced","Cai",7.89385872603062,1.37500820375124,Inf,5.61075155035053,11.1059997983045
