"contrast","population","ratio","SE","df","null","z.ratio","p.value"
"Control / (Herbivore-induced)","Bon",0.738853326650078,0.160118477297709,Inf,1,-1.39658013066676,0.162539868711483
"Control / (Herbivore-induced)","Cai",0.911254246798318,0.168134560214038,Inf,1,-0.503679293046072,0.614486761800277
