"contrast","population","ratio","SE","df","null","z.ratio","p.value"
"Control / (Herbivore-induced)","Bon",0.788581964831212,0.141519660975526,Inf,1,-1.32351322328571,0.185664761794859
"Control / (Herbivore-induced)","Cai",0.972410743348093,0.147713792613985,Inf,1,-0.184174568454369,0.853876509627667
