"treatment","population","response","SE","df","asymp.LCL","asymp.UCL"
"Control","Bon",3.0017812279495,0.724802095689985,Inf,1.8700369212032,4.81845595576393
"Herbivore-induced","Bon",4.00839808718738,0.957765414932757,Inf,2.50948734192358,6.40260461049051
"Control","Cai",3.61020887037031,0.740794613103958,Inf,2.41474094431731,5.39751815546628
"Herbivore-induced","Cai",4.9698254342897,1.0198167730185,Inf,3.32409254073073,7.43034814604868
