"treatment","population","response","SE","df","asymp.LCL","asymp.UCL"
"Control","Bon",2.53352876628296,0.336989645071986,Inf,1.95211702022182,3.28810616530246
"Herbivore-induced","Bon",2.85749388453649,0.376578176575566,Inf,2.20703244582077,3.69966074383057
"Control","Cai",2.48048227524209,0.281371962625603,Inf,1.98600625013845,3.09807298811939
"Herbivore-induced","Cai",2.41188762004676,0.274133743334268,Inf,1.93023415587781,3.01372860594176
