"treatment","population","response","SE","df","asymp.LCL","asymp.UCL"
"Control","Bon",2.52132500553324,0.648807380161505,Inf,1.52261774841821,4.1750989636968
"Herbivore-induced","Bon",2.80696710184888,0.709306839782888,Inf,1.71057791792298,4.6060832589426
"Control","Cai",2.04431563171021,0.450228844168356,Inf,1.32765121636456,3.14783457473003
"Herbivore-induced","Cai",2.34243527584063,0.51429816215361,Inf,1.52328198516067,3.60209276742928
