"contrast","population","ratio","SE","df","null","z.ratio","p.value"
"Control / (Herbivore-induced)","Bon",0.898238174530974,0.146206281625967,Inf,1,-0.659335126112153,0.509680590868808
"Control / (Herbivore-induced)","Cai",0.872730893696335,0.123797927621234,Inf,1,-0.959653650633202,0.337229557629051
