"treatment","population","response","SE","df","asymp.LCL","asymp.UCL"
"Control","Bon",3.49363716498557,0.431898848550125,Inf,2.7418803972072,4.45150731337535
"Herbivore-induced","Bon",5.10938001814542,0.616963851722941,Inf,4.03259477950113,6.47368892667495
"Control","Cai",4.11264631087391,0.431641748778908,Inf,3.34798666781011,5.05194953162939
"Herbivore-induced","Cai",4.22604317238608,0.44714452563494,Inf,3.43455862000154,5.19992315486029
