"contrast","population","ratio","SE","df","null","z.ratio","p.value"
"Control / (Herbivore-induced)","Bon",0.916406505186558,0.0980171805773549,Inf,1,-0.816162186928798,0.41440738048893
"Control / (Herbivore-induced)","Cai",0.91450036856193,0.0827726043848866,Inf,1,-0.987472525293239,0.323411045439783
