"treatment","population","response","SE","df","asymp.LCL","asymp.UCL"
"Control","Bon",3.70045767615517,0.671600352158999,Inf,2.5928051867169,5.28130192085691
"Herbivore-induced","Bon",4.03800895695502,0.727156370396977,Inf,2.83716536809211,5.74711524390763
"Control","Cai",3.20696341163705,0.496261528244705,Inf,2.36796254597471,4.34323352836029
"Herbivore-induced","Cai",3.50679291324952,0.543641612329315,Inf,2.5879289467495,4.75190655905107
