"treatment","population","response","SE","df","asymp.LCL","asymp.UCL"
"Control","Bon",3.36172838594361,0.865067804776387,Inf,2.0301325141263,5.56673895039933
"Herbivore-induced","Bon",3.74259994254017,0.945737941506466,Inf,2.28075511530026,6.14141090200192
"Control","Cai",2.72572929325073,0.600300500074759,Inf,1.77018437469727,4.19707703123057
"Herbivore-induced","Cai",3.12321836387033,0.685725520650415,Inf,2.03102281377988,4.80274907905296
