"contrast","population","ratio","SE","df","null","z.ratio","p.value"
"Control / (Herbivore-induced)","Bon",0.74888536586931,0.0933946931189493,Inf,1,-2.31870454623711,0.0204110618577967
"Control / (Herbivore-induced)","Cai",0.726421401082275,0.0743634944006343,Inf,1,-3.12226362056215,0.00179466158762602
