"treatment","population","response","SE","df","asymp.LCL","asymp.UCL"
"Control","Bon",6.97231355688951,1.69203445823874,Inf,4.33319391460552,11.2187816408883
"Herbivore-induced","Bon",9.43666801704963,2.246903524131,Inf,5.9175866304311,15.0484832458667
"Control","Cai",8.63676698457593,1.76910004328638,Inf,5.7809142752966,12.9034509756735
"Herbivore-induced","Cai",9.47788941990792,1.9944542334863,Inf,6.27467627101999,14.316338242164
