"treatment","population","response","SE","df","asymp.LCL","asymp.UCL"
"Control","Bon",1.40394222953038,0.326163104117497,Inf,0.890427475809411,2.21360395698373
"Herbivore-induced","Bon",1.70587321404097,0.386895994351658,Inf,1.09368503380581,2.66073259890575
"Control","Cai",1.36333189508882,0.270531311124557,Inf,0.924047559565734,2.01144826034708
"Herbivore-induced","Cai",1.30496635587335,0.259750628316356,Inf,0.883424736487467,1.92765395808627
