"treatment","population","response","SE","df","asymp.LCL","asymp.UCL"
"Control","Bon",5.58552994369391,1.13246347551601,Inf,3.75390852965591,8.31084308672831
"Herbivore-induced","Bon",7.30617920969212,1.46211967450791,Inf,4.93568053138144,10.8151762061466
"Control","Cai",5.91505567374837,1.02047623449071,Inf,4.21801371944844,8.29487193515292
"Herbivore-induced","Cai",6.26087895541184,1.081840490393,Inf,4.46224114599819,8.7845107451158
