"treatment","population","response","SE","df","asymp.LCL","asymp.UCL"
"Control","Bon",22.3655536570629,4.49123378231939,Inf,15.0886229843232,33.1519974292337
"Herbivore-induced","Bon",34.2208506109525,6.59388085775731,Inf,23.4571977547229,49.923551345827
"Control","Cai",26.6704712830681,4.48058403018823,Inf,19.1880389216169,37.0707002089518
"Herbivore-induced","Cai",27.9446482866837,4.735197116862,Inf,20.0476403842326,38.9523830685148
