"treatment","population","response","SE","df","asymp.LCL","asymp.UCL"
"Control","Bon",3.35773580786888,0.802630327332898,Inf,2.10172565363699,5.36434892724214
"Herbivore-induced","Bon",4.25794141587751,0.988333134193808,Inf,2.7016110451417,6.71083468275282
"Control","Cai",3.56378939556281,0.720812737598565,Inf,2.39744051994896,5.29756411066095
"Herbivore-induced","Cai",3.66490129807943,0.742132386523026,Inf,2.46431557725633,5.45039833722044
