"contrast","population","ratio","SE","df","null","z.ratio","p.value"
"Control / (Herbivore-induced)","Bon",0.764493969198612,0.0822712232963599,Inf,1,-2.49538144041575,0.0125821794239608
"Control / (Herbivore-induced)","Cai",0.944764419800107,0.0863442291354439,Inf,1,-0.621711568598627,0.534131543302233
