"treatment","population","response","SE","df","asymp.LCL","asymp.UCL"
"Control","Bon",3.95752169215301,0.651646893336618,Inf,2.86592065788104,5.46490284048601
"Herbivore-induced","Bon",4.4217193318733,0.721201053806721,Inf,3.21186005413286,6.08731436623587
"Control","Cai",3.73553172449536,0.525981014707525,Inf,2.83464786677202,4.92272688550968
"Herbivore-induced","Cai",3.79292224606424,0.532289865163613,Inf,2.88083443644036,4.99378200382283
