"treatment","population","response","SE","df","asymp.LCL","asymp.UCL"
"Control","Bon",3.4040098084492,0.592111864649465,Inf,2.42062885328102,4.78688947308567
"Herbivore-induced","Bon",4.1739754117894,0.722608927687099,Inf,2.97295115461475,5.86019407388485
"Control","Cai",3.94083114615622,0.585428877411226,Inf,2.94535645008853,5.27275743553827
"Herbivore-induced","Cai",4.98369457400622,0.742038597467365,Inf,3.72231596352567,6.67251567313322
