"contrast","population","ratio","SE","df","null","z.ratio","p.value"
"Control / (Herbivore-induced)","Bon",0.766091500304114,0.157099832004827,Inf,1,-1.29935140493638,0.193823360545447
"Control / (Herbivore-induced)","Cai",0.90262337977484,0.153762695074636,Inf,1,-0.601405075703535,0.547570218829234
