"contrast","population","ratio","SE","df","null","z.ratio","p.value"
"Control / (Herbivore-induced)","Bon",0.78888884767516,0.152780432556141,Inf,1,-1.2244309527148,0.220789698724262
"Control / (Herbivore-induced)","Cai",0.898996224135561,0.145688094392941,Inf,1,-0.657033246577635,0.511159539260081
