"treatment","population","response","SE","df","asymp.LCL","asymp.UCL"
"Control","Bon",72.9740334563203,16.6844006017817,Inf,46.6180486958479,114.230640446314
"Herbivore-induced","Bon",92.5025076420827,20.5140283044945,Inf,59.8942134920354,142.863783013219
"Control","Cai",75.8298573977445,14.6098362803694,Inf,51.9807608212501,110.621067912718
"Herbivore-induced","Cai",84.3495489957485,16.2944589203294,Inf,57.7629729350808,123.173134176845
