"contrast","population","ratio","SE","df","null","z.ratio","p.value"
"Control / (Herbivore-induced)","Bon",0.823002104346658,0.131013435404599,Inf,1,-1.22367562170561,0.221074619599271
"Control / (Herbivore-induced)","Cai",1.04472080470461,0.14682427149987,Inf,1,0.311298653082912,0.755573591139209
