"treatment","population","response","SE","df","asymp.LCL","asymp.UCL"
"Control","Bon",2.25144865028738,0.543625898403292,Inf,1.40260145054259,3.61401381905025
"Herbivore-induced","Bon",3.00639958116138,0.718344078341282,Inf,1.88218380299801,4.80210191332565
"Control","Cai",2.70764640388917,0.555590882497383,Inf,1.81105275230469,4.04811457820006
"Herbivore-induced","Cai",3.72737697410226,0.764860318866884,Inf,2.49307977701757,5.57276154383157
