"contrast","population","ratio","SE","df","null","z.ratio","p.value"
"Control / (Herbivore-induced)","Bon",0.683769293452099,0.0794523063593741,Inf,1,-3.27145243452253,0.00106996585580291
"Control / (Herbivore-induced)","Cai",0.97316713131254,0.097625025970432,Inf,1,-0.271135430058533,0.786286872576883
