"contrast","population","ratio","SE","df","null","z.ratio","p.value"
"Control / (Herbivore-induced)","Bon",0.718743008947298,0.0558521366339055,Inf,1,-4.24989819594112,2.13867695537997e-05
"Control / (Herbivore-induced)","Cai",0.928658930427462,0.0615810751071499,Inf,1,-1.11614686911772,0.264359272689297
