"contrast","population","ratio","SE","df","null","z.ratio","p.value"
"Control / (Herbivore-induced)","Bon",0.78858731743345,0.141520728035145,Inf,1,-1.32347440534256,0.185677662388141
"Control / (Herbivore-induced)","Cai",0.9724123496535,0.147714145586336,Inf,1,-0.184163558163716,0.85388514683992
