"contrast","population","ratio","SE","df","null","z.ratio","p.value"
"Control / (Herbivore-induced)","Bon",0.813361606064393,0.157074735522588,Inf,1,-1.06970623834703,0.284751557450642
"Control / (Herbivore-induced)","Cai",0.913925539687682,0.148367042344359,Inf,1,-0.554428684687788,0.579285499520779
