"treatment","population","response","SE","df","asymp.LCL","asymp.UCL"
"Control","Bon",68.5521135105974,16.480118236203,Inf,42.7946655788393,109.81257133818
"Herbivore-induced","Bon",84.2824556746661,19.7587246212434,Inf,53.2336296754245,133.440691116943
"Control","Cai",66.7908768666797,13.5904027446702,Inf,44.8246870536752,99.5215254325844
"Herbivore-induced","Cai",73.0813112953429,14.8952644007697,Inf,49.0135766109584,108.967319464148
