"treatment","population","response","SE","df","lower.CL","upper.CL"
"Control","Bon",29.6083188678733,5.70156689802227,30.540728592101,19.1159395153379,42.3869676296692
"Herbivore-induced","Bon",17.7527033712986,4.4148870592332,30.5407285921011,9.8861252448253,27.9055509070324
"Control","Cai",20.6289546356351,4.07546035896832,30.540728592101,13.1502280917218,29.7842787463395
"Herbivore-induced","Cai",12.1217905614984,3.1240749953271,30.540728592101,6.58461060827201,19.3355680815157
