"contrast","population","ratio","SE","df","null","z.ratio","p.value"
"Control / (Herbivore-induced)","Bon",0.653565100158695,0.127577168284805,Inf,1,-2.17883673254839,0.029343799113262
"Control / (Herbivore-induced)","Cai",0.954403541223928,0.158127398646828,Inf,1,-0.281676488784926,0.77819158403768
