"treatment","population","response","SE","df","asymp.LCL","asymp.UCL"
"Control","Bon",4.48421654417271,0.560037165517384,Inf,3.51058407048907,5.72787821378992
"Herbivore-induced","Bon",6.2389706589849,0.771623199996879,Inf,4.89596233205269,7.95037874961649
"Control","Cai",5.0825518109309,0.541114292935964,Inf,4.12532883853519,6.26188454832838
"Herbivore-induced","Cai",5.47300159875855,0.583654973309125,Inf,4.44069813501485,6.74527869026464
