"contrast","estimate","SE","df","t.ratio","p.value"
"Bon - Cai",1.29707336310922,0.389012601098922,24,3.33427081653683,0.0027699538298937
