"treatment","population","response","SE","df","asymp.LCL","asymp.UCL"
"Control","Bon",54.7308668670811,12.5133760577325,Inf,34.963758032429,85.6735075572785
"Herbivore-induced","Bon",69.3771588080779,15.3855815146057,Inf,44.9208419239561,107.148262546575
"Control","Cai",56.8725184219487,10.9574042985131,Inf,38.9856526179684,82.9659922164323
"Herbivore-induced","Cai",63.2622439283715,12.2208588196457,Inf,43.322287652346,92.3799670730466
