"treatment","population","response","SE","df","asymp.LCL","asymp.UCL"
"Control","Bon",108.317174217069,24.9971303506112,Inf,68.9063812788656,170.268849018333
"Herbivore-induced","Bon",141.389321197719,31.7554225567954,Inf,91.0417232063713,219.579984261026
"Control","Cai",114.567422486508,22.2367486246435,Inf,78.315689921565,167.599804181611
"Herbivore-induced","Cai",126.926979368648,24.7814435500503,Inf,86.5692947387669,186.098987409616
