"factor","Df","SumOfSqs","R2","F","Pr(>F)"
"treatment",1,0.349228489462576,0.0138287954207264,2.06646653656494,0.0268973102689731
"population",1,0.199389635458509,0.00789545687412884,1.179835041657,0.37956204379562
"treatment:population",1,0.200404722270065,0.00793565241451243,1.18584154740061,0.152284771522848
"Residual",145,24.5046944027696,0.970340095290632,NA,NA
"Total",148,25.2537172499608,1,NA,NA
